firstname,lastname
Elliott,Arryn?
Marsh,Baratheon?
Rolland,Gardener?
Rique,Greyjoy?
Kunibert,Hoare?
Dartagnan,Bolton?
Carleton,Durrandon?
Lino,Frey?
Seid,Lannister?
Montaigu,Martell?
Luitpold,Mudd?
Garren,Stark?
Beal,Targaryen?
Ilja,Tully?
Orman,Tyrell?
Priestley,Beesbury?
Destrie,Blackmont?
Gotthold,Blacktyde?
Shamar,Blackwood?
Sauville,Blount?
Avent,Botley?
Ballard,Bracken?
Harm,Bulwer?
Rawlins,Cargyll?
Norman,Caron?
Geof,Cassel?
Gert,Casterly?
Billy,Cerwyn?
Joris,Clegane?
Perrin,Connington?
Urban,Corbray?
Walsh,Crakehall?
Galahad,Cuy?
Yorick,Dalt?
Callum,Darry?
Korey,Dayne?
Haywood,Dondarrion?
Morris,Dormund?
Izzy,Dustin?
Aylmer,Egen?
Tarquin,Erenford?
Kelly,Estermont?
Wally,Florent?
Kirk,Fossoway?
Finley,Glover?
Euan,Greenfield?
Riley,Harlaw?
Webster,Harroway?
Jon,Hightower?
Brann,Hollard?
Eddard,Hornwood?
Robb,Ashford?
Jaime,Caulfield?
Michael,Forrester?
Paul,Mason?
Peter,Morrigen?
Petr,Wylde?
Matthew,Hunter?
Robert,Jordayne?
Samwell,Karstark?
Noah,Kenning?
Liam,Lannister
William,Lefford?
Mason,Lorch?
James,Lothston?
Benjamin,Lynderly?
Jacob,Mallister?
Michael,Manderly?
Elijah,Manwoody?
Ethan,Marbrand?
Alexander,Marsh?
Oliver,Mollen?
Daniel,Moore?
Lucas,Mooton?
Matthew,Mormont?
Aiden,Oakheart?
Jackson,Payne?
Logan,Poole?
David,Qoherys?
Joseph,Qorgyle?
Samuel,Redwyne?
Henry,Reed?
Owen,Reyne?
Sebastian,Rosby?
Gabriel,Royce?
Carter,Rykker?
Jayden,Ryswell?
John,Santagar?
Luke,Sarsfield?
Anthony,Seaworth?
Isaac,Selmy?
Dylan,Serrett?
Wyatt,Slynt?
Andrew,Smallwood?
Joshua,Stokeworth?
Christopher,Strong?
Grayson,Swann?
Jack,Swyft?
Julian,Tallhart?
Ryan,Tarly?
Jaxon,Tarth?
Levi,Thorne?
Nathan,Tollett?
Caleb,Towers?
Hunter,Toyne?
Christian,Trant?
Isaiah,Uller?
Thomas,Umber?
Aaron,Velaryon?
Lincoln,Waynwood?
Charles,Westerling?
Eli,Whent?
Landon,Wode?
Connor,Yarwyck?
Josiah,Yarwyck?
Jonathan,Yarwyck?
Cameron,Yarwyck?
Jeremiah,Yarwyck?
Mateo,Yarwyck?
Adrian,Yarwyck?
Hudson,Yarwyck?
Robert,Yarwyck?
Nicholas,Yarwyck?
Brayden,Yarwyck?
Nolan,Yarwyck?
Easton,Yarwyck?
Jordan,Yarwyck?
Colton,Yarwyck?
Evan,Yarwyck?
Angel,Yarwyck?
Asher,Yarwyck?
Dominic,Yarwyck?
Austin,Yarwyck?
Leo,Yarwyck?
Adam,Yarwyck?
Jace,Yarwyck?
Jose,Yarwyck?
Ian,Yarwyck?
Cooper,Yarwyck?
Gavin,Yarwyck?
Carson,Yarwyck?
Jaxson,Yarwyck?
Theodore,Yarwyck?
Jason,Yarwyck?
Ezra,Yarwyck?
Chase,Yarwyck?
Parker,Yarwyck?
Xavier,Yarwyck?
Kevin,Yarwyck?
Zachary,Yarwyck?
Tyler,Yarwyck?
Ayden,Yarwyck?
Elias,Yarwyck?
Bryson,Yarwyck?
Leonardo,Yarwyck?
Greyson,Yarwyck?
Sawyer,Yarwyck?
Roman,Yarwyck?
Brandon,Yarwyck?
Joe,Yarwyck?
Milees,Yarwyck?
Timothy,Yarwyck?
Patrick,Yarwyck?
Derek,Yarwyck?
Charlie,Yarwyck?
